all_avg_loss,all_avg_mae,all_val_mae
0.008191501621622592,15.448759078979492
